-- --------------------------------------------------------
-- Host:                         127.0.0.1
-- Server version:               10.3.14-MariaDB - mariadb.org binary distribution
-- Server OS:                    Win64
-- HeidiSQL Version:             9.5.0.5196
-- --------------------------------------------------------

/*!40101 SET @OLD_CHARACTER_SET_CLIENT=@@CHARACTER_SET_CLIENT */;
/*!40101 SET NAMES utf8 */;
/*!50503 SET NAMES utf8mb4 */;
/*!40014 SET @OLD_FOREIGN_KEY_CHECKS=@@FOREIGN_KEY_CHECKS, FOREIGN_KEY_CHECKS=0 */;
/*!40101 SET @OLD_SQL_MODE=@@SQL_MODE, SQL_MODE='NO_AUTO_VALUE_ON_ZERO' */;

-- Dumping data for table fieryvoid.game: ~1 rows (approximately)
DELETE FROM `game`;
/*!40000 ALTER TABLE `game` DISABLE KEYS */;
INSERT INTO `game` (`id`, `name`, `turn`, `phase`, `active_ships`, `creator_id`, `status`) VALUES
	(1, 'Test game', 6, 'game', '["09376da2-8e24-4290-81d0-d6cb0abeefb9","498bdb10-3cde-4f40-a745-cc55292362ec"]', 1, 'active');
/*!40000 ALTER TABLE `game` ENABLE KEYS */;

-- Dumping data for table fieryvoid.game_active_player: ~0 rows (approximately)
DELETE FROM `game_active_player`;
/*!40000 ALTER TABLE `game_active_player` DISABLE KEYS */;
/*!40000 ALTER TABLE `game_active_player` ENABLE KEYS */;

-- Dumping data for table fieryvoid.game_data: ~1 rows (approximately)
DELETE FROM `game_data`;
/*!40000 ALTER TABLE `game_data` DISABLE KEYS */;
INSERT INTO `game_data` (`turn`, `game_id`, `data`) VALUES
	(1, 1, '{"activePlayerIds":[1,2],"slots":[{"id":"4ed6e711-ee23-4a47-8178-fa7717fea009","name":"Blue","userId":1,"deploymentLocation":{"q":-150,"r":0},"deploymentRadius":10,"deploymentVector":{"q":10,"r":0},"points":3000,"shipIds":["498bdb10-3cde-4f40-a745-cc55292362ec"],"team":1,"bought":true,"facing":0},{"id":"f5643430-33b5-4e02-b320-6aceed5c89b1","name":"Red","userId":2,"deploymentLocation":{"q":150,"r":0},"deploymentRadius":10,"deploymentVector":{"q":-10,"r":0},"points":3000,"shipIds":["09376da2-8e24-4290-81d0-d6cb0abeefb9"],"team":2,"bought":true,"facing":0}],"terrain":[],"combatLog":{"entries":[]},"torpedos":{"flights":[]}}'),
	(2, 1, '{"activePlayerIds":[1,2],"slots":[{"id":"4ed6e711-ee23-4a47-8178-fa7717fea009","name":"Blue","userId":1,"deploymentLocation":{"q":-150,"r":0},"deploymentRadius":10,"deploymentVector":{"q":10,"r":0},"points":3000,"shipIds":["498bdb10-3cde-4f40-a745-cc55292362ec"],"team":1,"bought":true,"facing":0},{"id":"f5643430-33b5-4e02-b320-6aceed5c89b1","name":"Red","userId":2,"deploymentLocation":{"q":150,"r":0},"deploymentRadius":10,"deploymentVector":{"q":-10,"r":0},"points":3000,"shipIds":["09376da2-8e24-4290-81d0-d6cb0abeefb9"],"team":2,"bought":true,"facing":0}],"terrain":[],"combatLog":{"entries":[{"logEntryClass":"CombatLogShipMovement","shipId":"09376da2-8e24-4290-81d0-d6cb0abeefb9"},{"logEntryClass":"CombatLogShipMovement","shipId":"498bdb10-3cde-4f40-a745-cc55292362ec"}]},"torpedos":{"flights":[]}}'),
	(3, 1, '{"activePlayerIds":[1,2],"slots":[{"id":"4ed6e711-ee23-4a47-8178-fa7717fea009","name":"Blue","userId":1,"deploymentLocation":{"q":-150,"r":0},"deploymentRadius":10,"deploymentVector":{"q":10,"r":0},"points":3000,"shipIds":["498bdb10-3cde-4f40-a745-cc55292362ec"],"team":1,"bought":true,"facing":0},{"id":"f5643430-33b5-4e02-b320-6aceed5c89b1","name":"Red","userId":2,"deploymentLocation":{"q":150,"r":0},"deploymentRadius":10,"deploymentVector":{"q":-10,"r":0},"points":3000,"shipIds":["09376da2-8e24-4290-81d0-d6cb0abeefb9"],"team":2,"bought":true,"facing":0}],"terrain":[],"combatLog":{"entries":[{"logEntryClass":"CombatLogShipMovement","shipId":"09376da2-8e24-4290-81d0-d6cb0abeefb9"},{"logEntryClass":"CombatLogShipMovement","shipId":"498bdb10-3cde-4f40-a745-cc55292362ec"},{"logEntryClass":"CombatLogShipVelocity","shipId":"09376da2-8e24-4290-81d0-d6cb0abeefb9"},{"logEntryClass":"CombatLogShipVelocity","shipId":"498bdb10-3cde-4f40-a745-cc55292362ec"}]},"torpedos":{"flights":[]}}'),
	(4, 1, '{"activePlayerIds":[1,2],"slots":[{"id":"4ed6e711-ee23-4a47-8178-fa7717fea009","name":"Blue","userId":1,"deploymentLocation":{"q":-150,"r":0},"deploymentRadius":10,"deploymentVector":{"q":10,"r":0},"points":3000,"shipIds":["498bdb10-3cde-4f40-a745-cc55292362ec"],"team":1,"bought":true,"facing":0},{"id":"f5643430-33b5-4e02-b320-6aceed5c89b1","name":"Red","userId":2,"deploymentLocation":{"q":150,"r":0},"deploymentRadius":10,"deploymentVector":{"q":-10,"r":0},"points":3000,"shipIds":["09376da2-8e24-4290-81d0-d6cb0abeefb9"],"team":2,"bought":true,"facing":0}],"terrain":[],"combatLog":{"entries":[{"logEntryClass":"CombatLogShipMovement","shipId":"09376da2-8e24-4290-81d0-d6cb0abeefb9"},{"logEntryClass":"CombatLogShipMovement","shipId":"498bdb10-3cde-4f40-a745-cc55292362ec"},{"logEntryClass":"CombatLogShipVelocity","shipId":"09376da2-8e24-4290-81d0-d6cb0abeefb9"},{"logEntryClass":"CombatLogShipVelocity","shipId":"498bdb10-3cde-4f40-a745-cc55292362ec"}]},"torpedos":{"flights":[]}}'),
	(5, 1, '{"activePlayerIds":[1,2],"slots":[{"id":"4ed6e711-ee23-4a47-8178-fa7717fea009","name":"Blue","userId":1,"deploymentLocation":{"q":-150,"r":0},"deploymentRadius":10,"deploymentVector":{"q":10,"r":0},"points":3000,"shipIds":["498bdb10-3cde-4f40-a745-cc55292362ec"],"team":1,"bought":true,"facing":0},{"id":"f5643430-33b5-4e02-b320-6aceed5c89b1","name":"Red","userId":2,"deploymentLocation":{"q":150,"r":0},"deploymentRadius":10,"deploymentVector":{"q":-10,"r":0},"points":3000,"shipIds":["09376da2-8e24-4290-81d0-d6cb0abeefb9"],"team":2,"bought":true,"facing":0}],"terrain":[],"combatLog":{"entries":[{"logEntryClass":"CombatLogShipMovement","shipId":"09376da2-8e24-4290-81d0-d6cb0abeefb9"},{"logEntryClass":"CombatLogShipMovement","shipId":"498bdb10-3cde-4f40-a745-cc55292362ec"},{"logEntryClass":"CombatLogShipVelocity","shipId":"09376da2-8e24-4290-81d0-d6cb0abeefb9"},{"logEntryClass":"CombatLogShipVelocity","shipId":"498bdb10-3cde-4f40-a745-cc55292362ec"}]},"torpedos":{"flights":[]}}'),
	(6, 1, '{"activePlayerIds":[1,2],"slots":[{"id":"4ed6e711-ee23-4a47-8178-fa7717fea009","name":"Blue","userId":1,"deploymentLocation":{"q":-150,"r":0},"deploymentRadius":10,"deploymentVector":{"q":10,"r":0},"points":3000,"shipIds":["498bdb10-3cde-4f40-a745-cc55292362ec"],"team":1,"bought":true,"facing":0},{"id":"f5643430-33b5-4e02-b320-6aceed5c89b1","name":"Red","userId":2,"deploymentLocation":{"q":150,"r":0},"deploymentRadius":10,"deploymentVector":{"q":-10,"r":0},"points":3000,"shipIds":["09376da2-8e24-4290-81d0-d6cb0abeefb9"],"team":2,"bought":true,"facing":0}],"terrain":[],"combatLog":{"entries":[]},"torpedos":{"flights":[]}}');
/*!40000 ALTER TABLE `game_data` ENABLE KEYS */;

-- Dumping data for table fieryvoid.game_event: ~0 rows (approximately)
DELETE FROM `game_event`;
/*!40000 ALTER TABLE `game_event` DISABLE KEYS */;
/*!40000 ALTER TABLE `game_event` ENABLE KEYS */;

-- Dumping data for table fieryvoid.game_player: ~2 rows (approximately)
DELETE FROM `game_player`;
/*!40000 ALTER TABLE `game_player` DISABLE KEYS */;
INSERT INTO `game_player` (`game_id`, `user_id`, `last_activity`) VALUES
	(1, 1, '2019-12-27 16:30:05'),
	(1, 2, '2019-12-27 16:30:05');
/*!40000 ALTER TABLE `game_player` ENABLE KEYS */;

-- Dumping data for table fieryvoid.game_ship_data: ~2 rows (approximately)
DELETE FROM `game_ship_data`;
/*!40000 ALTER TABLE `game_ship_data` DISABLE KEYS */;
INSERT INTO `game_ship_data` (`game_id`, `ship_id`, `turn`, `data`) VALUES
	(1, _binary 0x42908E2409376DA281D0D6CB0ABEEFB9, 1, '{"systems":[{"systemId":101,"data":{"damage":{"entries":[],"criticals":[]},"power":{"entries":[]}}},{"systemId":103,"data":{"damage":{"entries":[],"criticals":[]},"power":{"entries":[]}}},{"systemId":104,"data":{"damage":{"entries":[],"criticals":[]},"power":{"entries":[]}}},{"systemId":111,"data":{"damage":{"entries":[],"criticals":[]},"power":{"entries":[]}}},{"systemId":6,"data":{"damage":{"entries":[],"criticals":[]},"power":{"entries":[]}}},{"systemId":7,"data":{"damage":{"entries":[],"criticals":[]},"power":{"entries":[]}}},{"systemId":11,"data":{"damage":{"entries":[],"criticals":[]},"power":{"entries":[]}}},{"systemId":12,"data":{"damage":{"entries":[],"criticals":[]},"power":{"entries":[]},"electronicWarfareProvider":[]}},{"systemId":13,"data":{"damage":{"entries":[],"criticals":[]},"power":{"entries":[]}}},{"systemId":14,"data":{"damage":{"entries":[],"criticals":[]},"power":{"entries":[]}}},{"systemId":8,"data":{"damage":{"entries":[],"criticals":[]},"power":{"entries":[]}}},{"systemId":9,"data":{"damage":{"entries":[],"criticals":[]},"power":{"entries":[]}}},{"systemId":301,"data":{"damage":{"entries":[],"criticals":[]},"power":{"entries":[]}}},{"systemId":31,"data":{"damage":{"entries":[],"criticals":[]},"power":{"entries":[]}}},{"systemId":32,"data":{"damage":{"entries":[],"criticals":[]},"power":{"entries":[]}}},{"systemId":33,"data":{"damage":{"entries":[],"criticals":[]},"power":{"entries":[]}}},{"systemId":311,"data":{"damage":{"entries":[],"criticals":[]},"power":{"entries":[]}}},{"systemId":313,"data":{"damage":{"entries":[],"criticals":[]},"power":{"entries":[]}}},{"systemId":314,"data":{"damage":{"entries":[],"criticals":[]},"power":{"entries":[]}}},{"systemId":312,"data":{"damage":{"entries":[],"criticals":[]},"power":{"entries":[]}}},{"systemId":401,"data":{"damage":{"entries":[],"criticals":[]},"power":{"entries":[]}}},{"systemId":402,"data":{"damage":{"entries":[],"criticals":[]},"power":{"entries":[]},"cargoBaySystemStrategy":[{"className":"Torpedo158MSV","amount":6},{"className":"Torpedo158Nuclear","amount":1},{"className":"Torpedo72MSV","amount":12}]}},{"systemId":403,"data":{"damage":{"entries":[],"criticals":[]},"power":{"entries":[]},"torpedoLauncherStrategy1":{"turnsLoaded":3,"loadedTorpedo":"Torpedo158MSV","changeAmmo":null,"launchTarget":null}}},{"systemId":404,"data":{"damage":{"entries":[],"criticals":[]},"power":{"entries":[]},"torpedoLauncherStrategy1":{"turnsLoaded":3,"loadedTorpedo":"Torpedo72MSV","changeAmmo":null,"launchTarget":null},"torpedoLauncherStrategy2":{"turnsLoaded":3,"loadedTorpedo":"Torpedo72MSV","changeAmmo":null,"launchTarget":null}}},{"systemId":201,"data":{"damage":{"entries":[],"criticals":[]},"power":{"entries":[]}}},{"systemId":202,"data":{"damage":{"entries":[],"criticals":[]},"power":{"entries":[]},"cargoBaySystemStrategy":[{"className":"Torpedo158MSV","amount":6},{"className":"Torpedo158Nuclear","amount":1},{"className":"Torpedo72MSV","amount":12}]}},{"systemId":203,"data":{"damage":{"entries":[],"criticals":[]},"power":{"entries":[]},"torpedoLauncherStrategy1":{"turnsLoaded":3,"loadedTorpedo":"Torpedo158MSV","changeAmmo":null,"launchTarget":null}}},{"systemId":204,"data":{"damage":{"entries":[],"criticals":[]},"power":{"entries":[]},"torpedoLauncherStrategy1":{"turnsLoaded":3,"loadedTorpedo":"Torpedo72MSV","changeAmmo":null,"launchTarget":null},"torpedoLauncherStrategy2":{"turnsLoaded":3,"loadedTorpedo":"Torpedo72MSV","changeAmmo":null,"launchTarget":null}}}],"player":{"id":2,"username":"player2","accessLevel":1},"electronicWarfare":{"dew":0,"ccew":0,"entries":[]}}'),
	(1, _binary 0x4F403CDE498BDB10A745CC55292362EC, 1, '{"systems":[{"systemId":100,"data":{"damage":{"entries":[],"criticals":[]},"power":{"entries":[]}}},{"systemId":102,"data":{"damage":{"entries":[],"criticals":[]},"power":{"entries":[]},"fireOrderStrategy":[],"standardLoadingStrategy":{"turnsLoaded":3}}},{"systemId":103,"data":{"damage":{"entries":[],"criticals":[]},"power":{"entries":[]},"fireOrderStrategy":[],"standardLoadingStrategy":{"turnsLoaded":1}}},{"systemId":104,"data":{"damage":{"entries":[],"criticals":[]},"power":{"entries":[]},"fireOrderStrategy":[],"standardLoadingStrategy":{"turnsLoaded":1}}},{"systemId":105,"data":{"damage":{"entries":[],"criticals":[]},"power":{"entries":[]},"fireOrderStrategy":[],"standardLoadingStrategy":{"turnsLoaded":1}}},{"systemId":106,"data":{"damage":{"entries":[],"criticals":[]},"power":{"entries":[]}}},{"systemId":107,"data":{"damage":{"entries":[],"criticals":[]},"power":{"entries":[]}}},{"systemId":101,"data":{"damage":{"entries":[],"criticals":[]},"power":{"entries":[]}}},{"systemId":108,"data":{"damage":{"entries":[],"criticals":[]},"power":{"entries":[]},"torpedoLauncherStrategy1":{"turnsLoaded":3,"loadedTorpedo":"Torpedo72MSV","changeAmmo":null,"launchTarget":null},"torpedoLauncherStrategy2":{"turnsLoaded":3,"loadedTorpedo":"Torpedo72MSV","changeAmmo":null,"launchTarget":null}}},{"systemId":12,"data":{"damage":{"entries":[],"criticals":[]},"power":{"entries":[]},"electronicWarfareProvider":[]}},{"systemId":7,"data":{"damage":{"entries":[],"criticals":[]},"power":{"entries":[]}}},{"systemId":11,"data":{"damage":{"entries":[],"criticals":[]},"power":{"entries":[]}}},{"systemId":14,"data":{"damage":{"entries":[],"criticals":[]},"power":{"entries":[]},"fireOrderStrategy":[],"standardLoadingStrategy":{"turnsLoaded":1}}},{"systemId":200,"data":{"damage":{"entries":[],"criticals":[]},"power":{"entries":[]}}},{"systemId":202,"data":{"damage":{"entries":[],"criticals":[]},"power":{"entries":[]}}},{"systemId":201,"data":{"damage":{"entries":[],"criticals":[]},"power":{"entries":[]}}},{"systemId":203,"data":{"damage":{"entries":[],"criticals":[]},"power":{"entries":[]}}},{"systemId":214,"data":{"damage":{"entries":[],"criticals":[]},"power":{"entries":[]},"fireOrderStrategy":[],"standardLoadingStrategy":{"turnsLoaded":1}}},{"systemId":316,"data":{"damage":{"entries":[],"criticals":[]},"power":{"entries":[]}}},{"systemId":317,"data":{"damage":{"entries":[],"criticals":[]},"power":{"entries":[]},"cargoBaySystemStrategy":[{"className":"Torpedo72MSV","amount":12}]}},{"systemId":15,"data":{"damage":{"entries":[],"criticals":[]},"power":{"entries":[]},"fireOrderStrategy":[],"standardLoadingStrategy":{"turnsLoaded":1}}},{"systemId":215,"data":{"damage":{"entries":[],"criticals":[]},"power":{"entries":[]},"fireOrderStrategy":[],"standardLoadingStrategy":{"turnsLoaded":1}}},{"systemId":216,"data":{"damage":{"entries":[],"criticals":[]},"power":{"entries":[]}}},{"systemId":13,"data":{"damage":{"entries":[],"criticals":[]},"power":{"entries":[]},"fireOrderStrategy":[],"standardLoadingStrategy":{"turnsLoaded":1}}},{"systemId":213,"data":{"damage":{"entries":[],"criticals":[]},"power":{"entries":[]},"fireOrderStrategy":[],"standardLoadingStrategy":{"turnsLoaded":1}}},{"systemId":416,"data":{"damage":{"entries":[],"criticals":[]},"power":{"entries":[]}}}],"player":{"id":1,"username":"player1","accessLevel":1},"electronicWarfare":{"dew":0,"ccew":0,"entries":[]}}'),
	(1, _binary 0x42908E2409376DA281D0D6CB0ABEEFB9, 2, '{"systems":[{"systemId":101,"data":{"damage":{"entries":[],"criticals":[]},"power":{"entries":[]}}},{"systemId":103,"data":{"damage":{"entries":[],"criticals":[]},"power":{"entries":[]}}},{"systemId":104,"data":{"damage":{"entries":[],"criticals":[]},"power":{"entries":[]}}},{"systemId":111,"data":{"damage":{"entries":[],"criticals":[]},"power":{"entries":[]}}},{"systemId":6,"data":{"damage":{"entries":[],"criticals":[]},"power":{"entries":[]}}},{"systemId":7,"data":{"damage":{"entries":[],"criticals":[]},"power":{"entries":[]}}},{"systemId":11,"data":{"damage":{"entries":[],"criticals":[]},"power":{"entries":[]}}},{"systemId":12,"data":{"damage":{"entries":[],"criticals":[]},"power":{"entries":[]},"electronicWarfareProvider":[]}},{"systemId":13,"data":{"damage":{"entries":[],"criticals":[]},"power":{"entries":[]}}},{"systemId":14,"data":{"damage":{"entries":[],"criticals":[]},"power":{"entries":[]}}},{"systemId":8,"data":{"damage":{"entries":[],"criticals":[]},"power":{"entries":[]}}},{"systemId":9,"data":{"damage":{"entries":[],"criticals":[]},"power":{"entries":[]}}},{"systemId":301,"data":{"damage":{"entries":[],"criticals":[]},"power":{"entries":[]}}},{"systemId":31,"data":{"damage":{"entries":[],"criticals":[]},"power":{"entries":[]}}},{"systemId":32,"data":{"damage":{"entries":[],"criticals":[]},"power":{"entries":[]}}},{"systemId":33,"data":{"damage":{"entries":[],"criticals":[]},"power":{"entries":[]}}},{"systemId":311,"data":{"damage":{"entries":[],"criticals":[]},"power":{"entries":[]}}},{"systemId":313,"data":{"damage":{"entries":[],"criticals":[]},"power":{"entries":[]}}},{"systemId":314,"data":{"damage":{"entries":[],"criticals":[]},"power":{"entries":[]}}},{"systemId":312,"data":{"damage":{"entries":[],"criticals":[]},"power":{"entries":[]}}},{"systemId":401,"data":{"damage":{"entries":[],"criticals":[]},"power":{"entries":[]}}},{"systemId":402,"data":{"damage":{"entries":[],"criticals":[]},"power":{"entries":[]},"cargoBaySystemStrategy":[{"className":"Torpedo158MSV","amount":6},{"className":"Torpedo158Nuclear","amount":1},{"className":"Torpedo72MSV","amount":12}]}},{"systemId":403,"data":{"damage":{"entries":[],"criticals":[]},"power":{"entries":[]},"torpedoLauncherStrategy1":{"turnsLoaded":4,"loadedTorpedo":"Torpedo158MSV","changeAmmo":null,"launchTarget":null}}},{"systemId":404,"data":{"damage":{"entries":[],"criticals":[]},"power":{"entries":[]},"torpedoLauncherStrategy1":{"turnsLoaded":4,"loadedTorpedo":"Torpedo72MSV","changeAmmo":null,"launchTarget":null},"torpedoLauncherStrategy2":{"turnsLoaded":4,"loadedTorpedo":"Torpedo72MSV","changeAmmo":null,"launchTarget":null}}},{"systemId":201,"data":{"damage":{"entries":[],"criticals":[]},"power":{"entries":[]}}},{"systemId":202,"data":{"damage":{"entries":[],"criticals":[]},"power":{"entries":[]},"cargoBaySystemStrategy":[{"className":"Torpedo158MSV","amount":6},{"className":"Torpedo158Nuclear","amount":1},{"className":"Torpedo72MSV","amount":12}]}},{"systemId":203,"data":{"damage":{"entries":[],"criticals":[]},"power":{"entries":[]},"torpedoLauncherStrategy1":{"turnsLoaded":4,"loadedTorpedo":"Torpedo158MSV","changeAmmo":null,"launchTarget":null}}},{"systemId":204,"data":{"damage":{"entries":[],"criticals":[]},"power":{"entries":[]},"torpedoLauncherStrategy1":{"turnsLoaded":4,"loadedTorpedo":"Torpedo72MSV","changeAmmo":null,"launchTarget":null},"torpedoLauncherStrategy2":{"turnsLoaded":4,"loadedTorpedo":"Torpedo72MSV","changeAmmo":null,"launchTarget":null}}}],"player":{"id":2,"username":"player2","accessLevel":1},"electronicWarfare":{"dew":8,"ccew":0,"entries":[]}}'),
	(1, _binary 0x4F403CDE498BDB10A745CC55292362EC, 2, '{"systems":[{"systemId":100,"data":{"damage":{"entries":[],"criticals":[]},"power":{"entries":[]}}},{"systemId":102,"data":{"damage":{"entries":[],"criticals":[]},"power":{"entries":[]},"fireOrderStrategy":[],"standardLoadingStrategy":{"turnsLoaded":3}}},{"systemId":103,"data":{"damage":{"entries":[],"criticals":[]},"power":{"entries":[]},"fireOrderStrategy":[],"standardLoadingStrategy":{"turnsLoaded":1}}},{"systemId":104,"data":{"damage":{"entries":[],"criticals":[]},"power":{"entries":[]},"fireOrderStrategy":[],"standardLoadingStrategy":{"turnsLoaded":1}}},{"systemId":105,"data":{"damage":{"entries":[],"criticals":[]},"power":{"entries":[]},"fireOrderStrategy":[],"standardLoadingStrategy":{"turnsLoaded":1}}},{"systemId":106,"data":{"damage":{"entries":[],"criticals":[]},"power":{"entries":[]}}},{"systemId":107,"data":{"damage":{"entries":[],"criticals":[]},"power":{"entries":[]}}},{"systemId":101,"data":{"damage":{"entries":[],"criticals":[]},"power":{"entries":[]}}},{"systemId":108,"data":{"damage":{"entries":[],"criticals":[]},"power":{"entries":[]},"torpedoLauncherStrategy1":{"turnsLoaded":4,"loadedTorpedo":"Torpedo72MSV","changeAmmo":null,"launchTarget":null},"torpedoLauncherStrategy2":{"turnsLoaded":4,"loadedTorpedo":"Torpedo72MSV","changeAmmo":null,"launchTarget":null}}},{"systemId":12,"data":{"damage":{"entries":[],"criticals":[]},"power":{"entries":[]},"electronicWarfareProvider":[]}},{"systemId":7,"data":{"damage":{"entries":[],"criticals":[]},"power":{"entries":[]}}},{"systemId":11,"data":{"damage":{"entries":[],"criticals":[]},"power":{"entries":[]}}},{"systemId":14,"data":{"damage":{"entries":[],"criticals":[]},"power":{"entries":[]},"fireOrderStrategy":[],"standardLoadingStrategy":{"turnsLoaded":1}}},{"systemId":200,"data":{"damage":{"entries":[],"criticals":[]},"power":{"entries":[]}}},{"systemId":202,"data":{"damage":{"entries":[],"criticals":[]},"power":{"entries":[]}}},{"systemId":201,"data":{"damage":{"entries":[],"criticals":[]},"power":{"entries":[]}}},{"systemId":203,"data":{"damage":{"entries":[],"criticals":[]},"power":{"entries":[]}}},{"systemId":214,"data":{"damage":{"entries":[],"criticals":[]},"power":{"entries":[]},"fireOrderStrategy":[],"standardLoadingStrategy":{"turnsLoaded":1}}},{"systemId":316,"data":{"damage":{"entries":[],"criticals":[]},"power":{"entries":[]}}},{"systemId":317,"data":{"damage":{"entries":[],"criticals":[]},"power":{"entries":[]},"cargoBaySystemStrategy":[{"className":"Torpedo72MSV","amount":12}]}},{"systemId":15,"data":{"damage":{"entries":[],"criticals":[]},"power":{"entries":[]},"fireOrderStrategy":[],"standardLoadingStrategy":{"turnsLoaded":1}}},{"systemId":215,"data":{"damage":{"entries":[],"criticals":[]},"power":{"entries":[]},"fireOrderStrategy":[],"standardLoadingStrategy":{"turnsLoaded":1}}},{"systemId":216,"data":{"damage":{"entries":[],"criticals":[]},"power":{"entries":[]}}},{"systemId":13,"data":{"damage":{"entries":[],"criticals":[]},"power":{"entries":[]},"fireOrderStrategy":[],"standardLoadingStrategy":{"turnsLoaded":1}}},{"systemId":213,"data":{"damage":{"entries":[],"criticals":[]},"power":{"entries":[]},"fireOrderStrategy":[],"standardLoadingStrategy":{"turnsLoaded":1}}},{"systemId":416,"data":{"damage":{"entries":[],"criticals":[]},"power":{"entries":[]}}}],"player":{"id":1,"username":"player1","accessLevel":1},"electronicWarfare":{"dew":12,"ccew":0,"entries":[]}}'),
	(1, _binary 0x42908E2409376DA281D0D6CB0ABEEFB9, 3, '{"systems":[{"systemId":101,"data":{"damage":{"entries":[],"criticals":[]},"power":{"entries":[]}}},{"systemId":103,"data":{"damage":{"entries":[],"criticals":[]},"power":{"entries":[]}}},{"systemId":104,"data":{"damage":{"entries":[],"criticals":[]},"power":{"entries":[]}}},{"systemId":111,"data":{"damage":{"entries":[],"criticals":[]},"power":{"entries":[]}}},{"systemId":6,"data":{"damage":{"entries":[],"criticals":[]},"power":{"entries":[]}}},{"systemId":7,"data":{"damage":{"entries":[],"criticals":[]},"power":{"entries":[]}}},{"systemId":11,"data":{"damage":{"entries":[],"criticals":[]},"power":{"entries":[]}}},{"systemId":12,"data":{"damage":{"entries":[],"criticals":[]},"power":{"entries":[]},"electronicWarfareProvider":[]}},{"systemId":13,"data":{"damage":{"entries":[],"criticals":[]},"power":{"entries":[]}}},{"systemId":14,"data":{"damage":{"entries":[],"criticals":[]},"power":{"entries":[]}}},{"systemId":8,"data":{"damage":{"entries":[],"criticals":[]},"power":{"entries":[]}}},{"systemId":9,"data":{"damage":{"entries":[],"criticals":[]},"power":{"entries":[]}}},{"systemId":301,"data":{"damage":{"entries":[],"criticals":[]},"power":{"entries":[]}}},{"systemId":31,"data":{"damage":{"entries":[],"criticals":[]},"power":{"entries":[]}}},{"systemId":32,"data":{"damage":{"entries":[],"criticals":[]},"power":{"entries":[]}}},{"systemId":33,"data":{"damage":{"entries":[],"criticals":[]},"power":{"entries":[]}}},{"systemId":311,"data":{"damage":{"entries":[],"criticals":[]},"power":{"entries":[]}}},{"systemId":313,"data":{"damage":{"entries":[],"criticals":[]},"power":{"entries":[]}}},{"systemId":314,"data":{"damage":{"entries":[],"criticals":[]},"power":{"entries":[]}}},{"systemId":312,"data":{"damage":{"entries":[],"criticals":[]},"power":{"entries":[]}}},{"systemId":401,"data":{"damage":{"entries":[],"criticals":[]},"power":{"entries":[]}}},{"systemId":402,"data":{"damage":{"entries":[],"criticals":[]},"power":{"entries":[]},"cargoBaySystemStrategy":[{"className":"Torpedo158MSV","amount":6},{"className":"Torpedo158Nuclear","amount":1},{"className":"Torpedo72MSV","amount":12}]}},{"systemId":403,"data":{"damage":{"entries":[],"criticals":[]},"power":{"entries":[]},"torpedoLauncherStrategy1":{"turnsLoaded":5,"loadedTorpedo":"Torpedo158MSV","changeAmmo":null,"launchTarget":null}}},{"systemId":404,"data":{"damage":{"entries":[],"criticals":[]},"power":{"entries":[]},"torpedoLauncherStrategy1":{"turnsLoaded":5,"loadedTorpedo":"Torpedo72MSV","changeAmmo":null,"launchTarget":null},"torpedoLauncherStrategy2":{"turnsLoaded":5,"loadedTorpedo":"Torpedo72MSV","changeAmmo":null,"launchTarget":null}}},{"systemId":201,"data":{"damage":{"entries":[],"criticals":[]},"power":{"entries":[]}}},{"systemId":202,"data":{"damage":{"entries":[],"criticals":[]},"power":{"entries":[]},"cargoBaySystemStrategy":[{"className":"Torpedo158MSV","amount":6},{"className":"Torpedo158Nuclear","amount":1},{"className":"Torpedo72MSV","amount":12}]}},{"systemId":203,"data":{"damage":{"entries":[],"criticals":[]},"power":{"entries":[]},"torpedoLauncherStrategy1":{"turnsLoaded":5,"loadedTorpedo":"Torpedo158MSV","changeAmmo":null,"launchTarget":null}}},{"systemId":204,"data":{"damage":{"entries":[],"criticals":[]},"power":{"entries":[]},"torpedoLauncherStrategy1":{"turnsLoaded":5,"loadedTorpedo":"Torpedo72MSV","changeAmmo":null,"launchTarget":null},"torpedoLauncherStrategy2":{"turnsLoaded":5,"loadedTorpedo":"Torpedo72MSV","changeAmmo":null,"launchTarget":null}}}],"player":{"id":2,"username":"player2","accessLevel":1},"electronicWarfare":{"dew":8,"ccew":0,"entries":[]}}'),
	(1, _binary 0x4F403CDE498BDB10A745CC55292362EC, 3, '{"systems":[{"systemId":100,"data":{"damage":{"entries":[],"criticals":[]},"power":{"entries":[]}}},{"systemId":102,"data":{"damage":{"entries":[],"criticals":[]},"power":{"entries":[]},"fireOrderStrategy":[],"standardLoadingStrategy":{"turnsLoaded":3}}},{"systemId":103,"data":{"damage":{"entries":[],"criticals":[]},"power":{"entries":[]},"fireOrderStrategy":[],"standardLoadingStrategy":{"turnsLoaded":1}}},{"systemId":104,"data":{"damage":{"entries":[],"criticals":[]},"power":{"entries":[]},"fireOrderStrategy":[],"standardLoadingStrategy":{"turnsLoaded":1}}},{"systemId":105,"data":{"damage":{"entries":[],"criticals":[]},"power":{"entries":[]},"fireOrderStrategy":[],"standardLoadingStrategy":{"turnsLoaded":1}}},{"systemId":106,"data":{"damage":{"entries":[],"criticals":[]},"power":{"entries":[]}}},{"systemId":107,"data":{"damage":{"entries":[],"criticals":[]},"power":{"entries":[]}}},{"systemId":101,"data":{"damage":{"entries":[],"criticals":[]},"power":{"entries":[]}}},{"systemId":108,"data":{"damage":{"entries":[],"criticals":[]},"power":{"entries":[]},"torpedoLauncherStrategy1":{"turnsLoaded":5,"loadedTorpedo":"Torpedo72MSV","changeAmmo":null,"launchTarget":null},"torpedoLauncherStrategy2":{"turnsLoaded":5,"loadedTorpedo":"Torpedo72MSV","changeAmmo":null,"launchTarget":null}}},{"systemId":12,"data":{"damage":{"entries":[],"criticals":[]},"power":{"entries":[]},"electronicWarfareProvider":[]}},{"systemId":7,"data":{"damage":{"entries":[],"criticals":[]},"power":{"entries":[]}}},{"systemId":11,"data":{"damage":{"entries":[],"criticals":[]},"power":{"entries":[]}}},{"systemId":14,"data":{"damage":{"entries":[],"criticals":[]},"power":{"entries":[]},"fireOrderStrategy":[],"standardLoadingStrategy":{"turnsLoaded":1}}},{"systemId":200,"data":{"damage":{"entries":[],"criticals":[]},"power":{"entries":[]}}},{"systemId":202,"data":{"damage":{"entries":[],"criticals":[]},"power":{"entries":[]}}},{"systemId":201,"data":{"damage":{"entries":[],"criticals":[]},"power":{"entries":[]}}},{"systemId":203,"data":{"damage":{"entries":[],"criticals":[]},"power":{"entries":[]}}},{"systemId":214,"data":{"damage":{"entries":[],"criticals":[]},"power":{"entries":[]},"fireOrderStrategy":[],"standardLoadingStrategy":{"turnsLoaded":1}}},{"systemId":316,"data":{"damage":{"entries":[],"criticals":[]},"power":{"entries":[]}}},{"systemId":317,"data":{"damage":{"entries":[],"criticals":[]},"power":{"entries":[]},"cargoBaySystemStrategy":[{"className":"Torpedo72MSV","amount":12}]}},{"systemId":15,"data":{"damage":{"entries":[],"criticals":[]},"power":{"entries":[]},"fireOrderStrategy":[],"standardLoadingStrategy":{"turnsLoaded":1}}},{"systemId":215,"data":{"damage":{"entries":[],"criticals":[]},"power":{"entries":[]},"fireOrderStrategy":[],"standardLoadingStrategy":{"turnsLoaded":1}}},{"systemId":216,"data":{"damage":{"entries":[],"criticals":[]},"power":{"entries":[]}}},{"systemId":13,"data":{"damage":{"entries":[],"criticals":[]},"power":{"entries":[]},"fireOrderStrategy":[],"standardLoadingStrategy":{"turnsLoaded":1}}},{"systemId":213,"data":{"damage":{"entries":[],"criticals":[]},"power":{"entries":[]},"fireOrderStrategy":[],"standardLoadingStrategy":{"turnsLoaded":1}}},{"systemId":416,"data":{"damage":{"entries":[],"criticals":[]},"power":{"entries":[]}}}],"player":{"id":1,"username":"player1","accessLevel":1},"electronicWarfare":{"dew":12,"ccew":0,"entries":[]}}'),
	(1, _binary 0x42908E2409376DA281D0D6CB0ABEEFB9, 4, '{"systems":[{"systemId":101,"data":{"damage":{"entries":[],"criticals":[]},"power":{"entries":[]}}},{"systemId":103,"data":{"damage":{"entries":[],"criticals":[]},"power":{"entries":[]}}},{"systemId":104,"data":{"damage":{"entries":[],"criticals":[]},"power":{"entries":[]}}},{"systemId":111,"data":{"damage":{"entries":[],"criticals":[]},"power":{"entries":[]}}},{"systemId":6,"data":{"damage":{"entries":[],"criticals":[]},"power":{"entries":[]}}},{"systemId":7,"data":{"damage":{"entries":[],"criticals":[]},"power":{"entries":[]}}},{"systemId":11,"data":{"damage":{"entries":[],"criticals":[]},"power":{"entries":[]}}},{"systemId":12,"data":{"damage":{"entries":[],"criticals":[]},"power":{"entries":[]},"electronicWarfareProvider":[]}},{"systemId":13,"data":{"damage":{"entries":[],"criticals":[]},"power":{"entries":[]}}},{"systemId":14,"data":{"damage":{"entries":[],"criticals":[]},"power":{"entries":[]}}},{"systemId":8,"data":{"damage":{"entries":[],"criticals":[]},"power":{"entries":[]}}},{"systemId":9,"data":{"damage":{"entries":[],"criticals":[]},"power":{"entries":[]}}},{"systemId":301,"data":{"damage":{"entries":[],"criticals":[]},"power":{"entries":[]}}},{"systemId":31,"data":{"damage":{"entries":[],"criticals":[]},"power":{"entries":[]}}},{"systemId":32,"data":{"damage":{"entries":[],"criticals":[]},"power":{"entries":[]}}},{"systemId":33,"data":{"damage":{"entries":[],"criticals":[]},"power":{"entries":[]}}},{"systemId":311,"data":{"damage":{"entries":[],"criticals":[]},"power":{"entries":[]}}},{"systemId":313,"data":{"damage":{"entries":[],"criticals":[]},"power":{"entries":[]}}},{"systemId":314,"data":{"damage":{"entries":[],"criticals":[]},"power":{"entries":[]}}},{"systemId":312,"data":{"damage":{"entries":[],"criticals":[]},"power":{"entries":[]}}},{"systemId":401,"data":{"damage":{"entries":[],"criticals":[]},"power":{"entries":[]}}},{"systemId":402,"data":{"damage":{"entries":[],"criticals":[]},"power":{"entries":[]},"cargoBaySystemStrategy":[{"className":"Torpedo158MSV","amount":6},{"className":"Torpedo158Nuclear","amount":1},{"className":"Torpedo72MSV","amount":12}]}},{"systemId":403,"data":{"damage":{"entries":[],"criticals":[]},"power":{"entries":[]},"torpedoLauncherStrategy1":{"turnsLoaded":6,"loadedTorpedo":"Torpedo158MSV","changeAmmo":null,"launchTarget":null}}},{"systemId":404,"data":{"damage":{"entries":[],"criticals":[]},"power":{"entries":[]},"torpedoLauncherStrategy1":{"turnsLoaded":6,"loadedTorpedo":"Torpedo72MSV","changeAmmo":null,"launchTarget":null},"torpedoLauncherStrategy2":{"turnsLoaded":6,"loadedTorpedo":"Torpedo72MSV","changeAmmo":null,"launchTarget":null}}},{"systemId":201,"data":{"damage":{"entries":[],"criticals":[]},"power":{"entries":[]}}},{"systemId":202,"data":{"damage":{"entries":[],"criticals":[]},"power":{"entries":[]},"cargoBaySystemStrategy":[{"className":"Torpedo158MSV","amount":6},{"className":"Torpedo158Nuclear","amount":1},{"className":"Torpedo72MSV","amount":12}]}},{"systemId":203,"data":{"damage":{"entries":[],"criticals":[]},"power":{"entries":[]},"torpedoLauncherStrategy1":{"turnsLoaded":6,"loadedTorpedo":"Torpedo158MSV","changeAmmo":null,"launchTarget":null}}},{"systemId":204,"data":{"damage":{"entries":[],"criticals":[]},"power":{"entries":[]},"torpedoLauncherStrategy1":{"turnsLoaded":6,"loadedTorpedo":"Torpedo72MSV","changeAmmo":null,"launchTarget":null},"torpedoLauncherStrategy2":{"turnsLoaded":6,"loadedTorpedo":"Torpedo72MSV","changeAmmo":null,"launchTarget":null}}}],"player":{"id":2,"username":"player2","accessLevel":1},"electronicWarfare":{"dew":8,"ccew":0,"entries":[]}}'),
	(1, _binary 0x4F403CDE498BDB10A745CC55292362EC, 4, '{"systems":[{"systemId":100,"data":{"damage":{"entries":[],"criticals":[]},"power":{"entries":[]}}},{"systemId":102,"data":{"damage":{"entries":[],"criticals":[]},"power":{"entries":[]},"fireOrderStrategy":[],"standardLoadingStrategy":{"turnsLoaded":3}}},{"systemId":103,"data":{"damage":{"entries":[],"criticals":[]},"power":{"entries":[]},"fireOrderStrategy":[],"standardLoadingStrategy":{"turnsLoaded":1}}},{"systemId":104,"data":{"damage":{"entries":[],"criticals":[]},"power":{"entries":[]},"fireOrderStrategy":[],"standardLoadingStrategy":{"turnsLoaded":1}}},{"systemId":105,"data":{"damage":{"entries":[],"criticals":[]},"power":{"entries":[]},"fireOrderStrategy":[],"standardLoadingStrategy":{"turnsLoaded":1}}},{"systemId":106,"data":{"damage":{"entries":[],"criticals":[]},"power":{"entries":[]}}},{"systemId":107,"data":{"damage":{"entries":[],"criticals":[]},"power":{"entries":[]}}},{"systemId":101,"data":{"damage":{"entries":[],"criticals":[]},"power":{"entries":[]}}},{"systemId":108,"data":{"damage":{"entries":[],"criticals":[]},"power":{"entries":[]},"torpedoLauncherStrategy1":{"turnsLoaded":6,"loadedTorpedo":"Torpedo72MSV","changeAmmo":null,"launchTarget":null},"torpedoLauncherStrategy2":{"turnsLoaded":6,"loadedTorpedo":"Torpedo72MSV","changeAmmo":null,"launchTarget":null}}},{"systemId":12,"data":{"damage":{"entries":[],"criticals":[]},"power":{"entries":[]},"electronicWarfareProvider":[]}},{"systemId":7,"data":{"damage":{"entries":[],"criticals":[]},"power":{"entries":[]}}},{"systemId":11,"data":{"damage":{"entries":[],"criticals":[]},"power":{"entries":[]}}},{"systemId":14,"data":{"damage":{"entries":[],"criticals":[]},"power":{"entries":[]},"fireOrderStrategy":[],"standardLoadingStrategy":{"turnsLoaded":1}}},{"systemId":200,"data":{"damage":{"entries":[],"criticals":[]},"power":{"entries":[]}}},{"systemId":202,"data":{"damage":{"entries":[],"criticals":[]},"power":{"entries":[]}}},{"systemId":201,"data":{"damage":{"entries":[],"criticals":[]},"power":{"entries":[]}}},{"systemId":203,"data":{"damage":{"entries":[],"criticals":[]},"power":{"entries":[]}}},{"systemId":214,"data":{"damage":{"entries":[],"criticals":[]},"power":{"entries":[]},"fireOrderStrategy":[],"standardLoadingStrategy":{"turnsLoaded":1}}},{"systemId":316,"data":{"damage":{"entries":[],"criticals":[]},"power":{"entries":[]}}},{"systemId":317,"data":{"damage":{"entries":[],"criticals":[]},"power":{"entries":[]},"cargoBaySystemStrategy":[{"className":"Torpedo72MSV","amount":12}]}},{"systemId":15,"data":{"damage":{"entries":[],"criticals":[]},"power":{"entries":[]},"fireOrderStrategy":[],"standardLoadingStrategy":{"turnsLoaded":1}}},{"systemId":215,"data":{"damage":{"entries":[],"criticals":[]},"power":{"entries":[]},"fireOrderStrategy":[],"standardLoadingStrategy":{"turnsLoaded":1}}},{"systemId":216,"data":{"damage":{"entries":[],"criticals":[]},"power":{"entries":[]}}},{"systemId":13,"data":{"damage":{"entries":[],"criticals":[]},"power":{"entries":[]},"fireOrderStrategy":[],"standardLoadingStrategy":{"turnsLoaded":1}}},{"systemId":213,"data":{"damage":{"entries":[],"criticals":[]},"power":{"entries":[]},"fireOrderStrategy":[],"standardLoadingStrategy":{"turnsLoaded":1}}},{"systemId":416,"data":{"damage":{"entries":[],"criticals":[]},"power":{"entries":[]}}}],"player":{"id":1,"username":"player1","accessLevel":1},"electronicWarfare":{"dew":12,"ccew":0,"entries":[]}}'),
	(1, _binary 0x42908E2409376DA281D0D6CB0ABEEFB9, 5, '{"systems":[{"systemId":101,"data":{"damage":{"entries":[],"criticals":[]},"power":{"entries":[]}}},{"systemId":103,"data":{"damage":{"entries":[],"criticals":[]},"power":{"entries":[]}}},{"systemId":104,"data":{"damage":{"entries":[],"criticals":[]},"power":{"entries":[]}}},{"systemId":111,"data":{"damage":{"entries":[],"criticals":[]},"power":{"entries":[]}}},{"systemId":6,"data":{"damage":{"entries":[],"criticals":[]},"power":{"entries":[]}}},{"systemId":7,"data":{"damage":{"entries":[],"criticals":[]},"power":{"entries":[]}}},{"systemId":11,"data":{"damage":{"entries":[],"criticals":[]},"power":{"entries":[]}}},{"systemId":12,"data":{"damage":{"entries":[],"criticals":[]},"power":{"entries":[]},"electronicWarfareProvider":[{"type":"oew","targetShipId":"498bdb10-3cde-4f40-a745-cc55292362ec","amount":8}]}},{"systemId":13,"data":{"damage":{"entries":[],"criticals":[]},"power":{"entries":[]}}},{"systemId":14,"data":{"damage":{"entries":[],"criticals":[]},"power":{"entries":[]}}},{"systemId":8,"data":{"damage":{"entries":[],"criticals":[]},"power":{"entries":[]}}},{"systemId":9,"data":{"damage":{"entries":[],"criticals":[]},"power":{"entries":[]}}},{"systemId":301,"data":{"damage":{"entries":[],"criticals":[]},"power":{"entries":[]}}},{"systemId":31,"data":{"damage":{"entries":[],"criticals":[]},"power":{"entries":[]}}},{"systemId":32,"data":{"damage":{"entries":[],"criticals":[]},"power":{"entries":[]}}},{"systemId":33,"data":{"damage":{"entries":[],"criticals":[]},"power":{"entries":[]}}},{"systemId":311,"data":{"damage":{"entries":[],"criticals":[]},"power":{"entries":[]}}},{"systemId":313,"data":{"damage":{"entries":[],"criticals":[]},"power":{"entries":[]}}},{"systemId":314,"data":{"damage":{"entries":[],"criticals":[]},"power":{"entries":[]}}},{"systemId":312,"data":{"damage":{"entries":[],"criticals":[]},"power":{"entries":[]}}},{"systemId":401,"data":{"damage":{"entries":[],"criticals":[]},"power":{"entries":[]}}},{"systemId":402,"data":{"damage":{"entries":[],"criticals":[]},"power":{"entries":[]},"cargoBaySystemStrategy":[{"className":"Torpedo158MSV","amount":6},{"className":"Torpedo158Nuclear","amount":1},{"className":"Torpedo72MSV","amount":12}]}},{"systemId":403,"data":{"damage":{"entries":[],"criticals":[]},"power":{"entries":[]},"torpedoLauncherStrategy1":{"turnsLoaded":7,"loadedTorpedo":"Torpedo158MSV","changeAmmo":null,"launchTarget":null}}},{"systemId":404,"data":{"damage":{"entries":[],"criticals":[]},"power":{"entries":[]},"torpedoLauncherStrategy1":{"turnsLoaded":7,"loadedTorpedo":"Torpedo72MSV","changeAmmo":null,"launchTarget":null},"torpedoLauncherStrategy2":{"turnsLoaded":7,"loadedTorpedo":"Torpedo72MSV","changeAmmo":null,"launchTarget":null}}},{"systemId":201,"data":{"damage":{"entries":[],"criticals":[]},"power":{"entries":[]}}},{"systemId":202,"data":{"damage":{"entries":[],"criticals":[]},"power":{"entries":[]},"cargoBaySystemStrategy":[{"className":"Torpedo158MSV","amount":6},{"className":"Torpedo158Nuclear","amount":1},{"className":"Torpedo72MSV","amount":12}]}},{"systemId":203,"data":{"damage":{"entries":[],"criticals":[]},"power":{"entries":[]},"torpedoLauncherStrategy1":{"turnsLoaded":7,"loadedTorpedo":"Torpedo158MSV","changeAmmo":null,"launchTarget":null}}},{"systemId":204,"data":{"damage":{"entries":[],"criticals":[]},"power":{"entries":[]},"torpedoLauncherStrategy1":{"turnsLoaded":7,"loadedTorpedo":"Torpedo72MSV","changeAmmo":null,"launchTarget":null},"torpedoLauncherStrategy2":{"turnsLoaded":7,"loadedTorpedo":"Torpedo72MSV","changeAmmo":null,"launchTarget":null}}}],"player":{"id":2,"username":"player2","accessLevel":1},"electronicWarfare":{"dew":8,"ccew":0,"entries":[]}}'),
	(1, _binary 0x4F403CDE498BDB10A745CC55292362EC, 5, '{"systems":[{"systemId":100,"data":{"damage":{"entries":[],"criticals":[]},"power":{"entries":[]}}},{"systemId":102,"data":{"damage":{"entries":[],"criticals":[]},"power":{"entries":[]},"fireOrderStrategy":[],"standardLoadingStrategy":{"turnsLoaded":3}}},{"systemId":103,"data":{"damage":{"entries":[],"criticals":[]},"power":{"entries":[]},"fireOrderStrategy":[],"standardLoadingStrategy":{"turnsLoaded":1}}},{"systemId":104,"data":{"damage":{"entries":[],"criticals":[]},"power":{"entries":[]},"fireOrderStrategy":[],"standardLoadingStrategy":{"turnsLoaded":1}}},{"systemId":105,"data":{"damage":{"entries":[],"criticals":[]},"power":{"entries":[]},"fireOrderStrategy":[],"standardLoadingStrategy":{"turnsLoaded":1}}},{"systemId":106,"data":{"damage":{"entries":[],"criticals":[]},"power":{"entries":[]}}},{"systemId":107,"data":{"damage":{"entries":[],"criticals":[]},"power":{"entries":[]}}},{"systemId":101,"data":{"damage":{"entries":[],"criticals":[]},"power":{"entries":[]}}},{"systemId":108,"data":{"damage":{"entries":[],"criticals":[]},"power":{"entries":[]},"torpedoLauncherStrategy1":{"turnsLoaded":7,"loadedTorpedo":"Torpedo72MSV","changeAmmo":null,"launchTarget":null},"torpedoLauncherStrategy2":{"turnsLoaded":7,"loadedTorpedo":"Torpedo72MSV","changeAmmo":null,"launchTarget":null}}},{"systemId":12,"data":{"damage":{"entries":[],"criticals":[]},"power":{"entries":[]},"electronicWarfareProvider":[{"type":"oew","targetShipId":"09376da2-8e24-4290-81d0-d6cb0abeefb9","amount":12}]}},{"systemId":7,"data":{"damage":{"entries":[],"criticals":[]},"power":{"entries":[]}}},{"systemId":11,"data":{"damage":{"entries":[],"criticals":[]},"power":{"entries":[]}}},{"systemId":14,"data":{"damage":{"entries":[],"criticals":[]},"power":{"entries":[]},"fireOrderStrategy":[],"standardLoadingStrategy":{"turnsLoaded":1}}},{"systemId":200,"data":{"damage":{"entries":[],"criticals":[]},"power":{"entries":[]}}},{"systemId":202,"data":{"damage":{"entries":[],"criticals":[]},"power":{"entries":[]}}},{"systemId":201,"data":{"damage":{"entries":[],"criticals":[]},"power":{"entries":[]}}},{"systemId":203,"data":{"damage":{"entries":[],"criticals":[]},"power":{"entries":[]}}},{"systemId":214,"data":{"damage":{"entries":[],"criticals":[]},"power":{"entries":[]},"fireOrderStrategy":[],"standardLoadingStrategy":{"turnsLoaded":1}}},{"systemId":316,"data":{"damage":{"entries":[],"criticals":[]},"power":{"entries":[]}}},{"systemId":317,"data":{"damage":{"entries":[],"criticals":[]},"power":{"entries":[]},"cargoBaySystemStrategy":[{"className":"Torpedo72MSV","amount":12}]}},{"systemId":15,"data":{"damage":{"entries":[],"criticals":[]},"power":{"entries":[]},"fireOrderStrategy":[],"standardLoadingStrategy":{"turnsLoaded":1}}},{"systemId":215,"data":{"damage":{"entries":[],"criticals":[]},"power":{"entries":[]},"fireOrderStrategy":[],"standardLoadingStrategy":{"turnsLoaded":1}}},{"systemId":216,"data":{"damage":{"entries":[],"criticals":[]},"power":{"entries":[]}}},{"systemId":13,"data":{"damage":{"entries":[],"criticals":[]},"power":{"entries":[]},"fireOrderStrategy":[],"standardLoadingStrategy":{"turnsLoaded":1}}},{"systemId":213,"data":{"damage":{"entries":[],"criticals":[]},"power":{"entries":[]},"fireOrderStrategy":[],"standardLoadingStrategy":{"turnsLoaded":1}}},{"systemId":416,"data":{"damage":{"entries":[],"criticals":[]},"power":{"entries":[]}}}],"player":{"id":1,"username":"player1","accessLevel":1},"electronicWarfare":{"dew":12,"ccew":0,"entries":[]}}'),
	(1, _binary 0x42908E2409376DA281D0D6CB0ABEEFB9, 6, '{"systems":[{"systemId":101,"data":{"damage":{"entries":[],"criticals":[]},"power":{"entries":[]}}},{"systemId":103,"data":{"damage":{"entries":[],"criticals":[]},"power":{"entries":[]}}},{"systemId":104,"data":{"damage":{"entries":[],"criticals":[]},"power":{"entries":[]}}},{"systemId":111,"data":{"damage":{"entries":[],"criticals":[]},"power":{"entries":[]}}},{"systemId":6,"data":{"damage":{"entries":[],"criticals":[]},"power":{"entries":[]}}},{"systemId":7,"data":{"damage":{"entries":[],"criticals":[]},"power":{"entries":[]}}},{"systemId":11,"data":{"damage":{"entries":[],"criticals":[]},"power":{"entries":[]}}},{"systemId":12,"data":{"damage":{"entries":[],"criticals":[]},"power":{"entries":[]},"electronicWarfareProvider":[]}},{"systemId":13,"data":{"damage":{"entries":[],"criticals":[]},"power":{"entries":[]}}},{"systemId":14,"data":{"damage":{"entries":[],"criticals":[]},"power":{"entries":[]}}},{"systemId":8,"data":{"damage":{"entries":[],"criticals":[]},"power":{"entries":[]}}},{"systemId":9,"data":{"damage":{"entries":[],"criticals":[]},"power":{"entries":[]}}},{"systemId":301,"data":{"damage":{"entries":[],"criticals":[]},"power":{"entries":[]}}},{"systemId":31,"data":{"damage":{"entries":[],"criticals":[]},"power":{"entries":[]}}},{"systemId":32,"data":{"damage":{"entries":[],"criticals":[]},"power":{"entries":[]}}},{"systemId":33,"data":{"damage":{"entries":[],"criticals":[]},"power":{"entries":[]}}},{"systemId":311,"data":{"damage":{"entries":[],"criticals":[]},"power":{"entries":[]}}},{"systemId":313,"data":{"damage":{"entries":[],"criticals":[]},"power":{"entries":[]}}},{"systemId":314,"data":{"damage":{"entries":[],"criticals":[]},"power":{"entries":[]}}},{"systemId":312,"data":{"damage":{"entries":[],"criticals":[]},"power":{"entries":[]}}},{"systemId":401,"data":{"damage":{"entries":[],"criticals":[]},"power":{"entries":[]}}},{"systemId":402,"data":{"damage":{"entries":[],"criticals":[]},"power":{"entries":[]},"cargoBaySystemStrategy":[{"className":"Torpedo158MSV","amount":6},{"className":"Torpedo158Nuclear","amount":1},{"className":"Torpedo72MSV","amount":12}]}},{"systemId":403,"data":{"damage":{"entries":[],"criticals":[]},"power":{"entries":[]},"torpedoLauncherStrategy1":{"turnsLoaded":8,"loadedTorpedo":"Torpedo158MSV","changeAmmo":null,"launchTarget":null}}},{"systemId":404,"data":{"damage":{"entries":[],"criticals":[]},"power":{"entries":[]},"torpedoLauncherStrategy1":{"turnsLoaded":8,"loadedTorpedo":"Torpedo72MSV","changeAmmo":null,"launchTarget":null},"torpedoLauncherStrategy2":{"turnsLoaded":8,"loadedTorpedo":"Torpedo72MSV","changeAmmo":null,"launchTarget":null}}},{"systemId":201,"data":{"damage":{"entries":[],"criticals":[]},"power":{"entries":[]}}},{"systemId":202,"data":{"damage":{"entries":[],"criticals":[]},"power":{"entries":[]},"cargoBaySystemStrategy":[{"className":"Torpedo158MSV","amount":6},{"className":"Torpedo158Nuclear","amount":1},{"className":"Torpedo72MSV","amount":12}]}},{"systemId":203,"data":{"damage":{"entries":[],"criticals":[]},"power":{"entries":[]},"torpedoLauncherStrategy1":{"turnsLoaded":8,"loadedTorpedo":"Torpedo158MSV","changeAmmo":null,"launchTarget":null}}},{"systemId":204,"data":{"damage":{"entries":[],"criticals":[]},"power":{"entries":[]},"torpedoLauncherStrategy1":{"turnsLoaded":8,"loadedTorpedo":"Torpedo72MSV","changeAmmo":null,"launchTarget":null},"torpedoLauncherStrategy2":{"turnsLoaded":8,"loadedTorpedo":"Torpedo72MSV","changeAmmo":null,"launchTarget":null}}}],"player":{"id":2,"username":"player2","accessLevel":1},"electronicWarfare":{"dew":0,"ccew":0,"entries":[{"type":"oew","targetShipId":"498bdb10-3cde-4f40-a745-cc55292362ec","amount":8}]}}'),
	(1, _binary 0x4F403CDE498BDB10A745CC55292362EC, 6, '{"systems":[{"systemId":100,"data":{"damage":{"entries":[],"criticals":[]},"power":{"entries":[]}}},{"systemId":102,"data":{"damage":{"entries":[],"criticals":[]},"power":{"entries":[]},"fireOrderStrategy":[],"standardLoadingStrategy":{"turnsLoaded":3}}},{"systemId":103,"data":{"damage":{"entries":[],"criticals":[]},"power":{"entries":[]},"fireOrderStrategy":[],"standardLoadingStrategy":{"turnsLoaded":1}}},{"systemId":104,"data":{"damage":{"entries":[],"criticals":[]},"power":{"entries":[]},"fireOrderStrategy":[],"standardLoadingStrategy":{"turnsLoaded":1}}},{"systemId":105,"data":{"damage":{"entries":[],"criticals":[]},"power":{"entries":[]},"fireOrderStrategy":[],"standardLoadingStrategy":{"turnsLoaded":1}}},{"systemId":106,"data":{"damage":{"entries":[],"criticals":[]},"power":{"entries":[]}}},{"systemId":107,"data":{"damage":{"entries":[],"criticals":[]},"power":{"entries":[]}}},{"systemId":101,"data":{"damage":{"entries":[],"criticals":[]},"power":{"entries":[]}}},{"systemId":108,"data":{"damage":{"entries":[],"criticals":[]},"power":{"entries":[]},"torpedoLauncherStrategy1":{"turnsLoaded":8,"loadedTorpedo":"Torpedo72MSV","changeAmmo":null,"launchTarget":null},"torpedoLauncherStrategy2":{"turnsLoaded":8,"loadedTorpedo":"Torpedo72MSV","changeAmmo":null,"launchTarget":null}}},{"systemId":12,"data":{"damage":{"entries":[],"criticals":[]},"power":{"entries":[]},"electronicWarfareProvider":[]}},{"systemId":7,"data":{"damage":{"entries":[],"criticals":[]},"power":{"entries":[]}}},{"systemId":11,"data":{"damage":{"entries":[],"criticals":[]},"power":{"entries":[]}}},{"systemId":14,"data":{"damage":{"entries":[],"criticals":[]},"power":{"entries":[]},"fireOrderStrategy":[],"standardLoadingStrategy":{"turnsLoaded":1}}},{"systemId":200,"data":{"damage":{"entries":[],"criticals":[]},"power":{"entries":[]}}},{"systemId":202,"data":{"damage":{"entries":[],"criticals":[]},"power":{"entries":[]}}},{"systemId":201,"data":{"damage":{"entries":[],"criticals":[]},"power":{"entries":[]}}},{"systemId":203,"data":{"damage":{"entries":[],"criticals":[]},"power":{"entries":[]}}},{"systemId":214,"data":{"damage":{"entries":[],"criticals":[]},"power":{"entries":[]},"fireOrderStrategy":[],"standardLoadingStrategy":{"turnsLoaded":1}}},{"systemId":316,"data":{"damage":{"entries":[],"criticals":[]},"power":{"entries":[]}}},{"systemId":317,"data":{"damage":{"entries":[],"criticals":[]},"power":{"entries":[]},"cargoBaySystemStrategy":[{"className":"Torpedo72MSV","amount":12}]}},{"systemId":15,"data":{"damage":{"entries":[],"criticals":[]},"power":{"entries":[]},"fireOrderStrategy":[],"standardLoadingStrategy":{"turnsLoaded":1}}},{"systemId":215,"data":{"damage":{"entries":[],"criticals":[]},"power":{"entries":[]},"fireOrderStrategy":[],"standardLoadingStrategy":{"turnsLoaded":1}}},{"systemId":216,"data":{"damage":{"entries":[],"criticals":[]},"power":{"entries":[]}}},{"systemId":13,"data":{"damage":{"entries":[],"criticals":[]},"power":{"entries":[]},"fireOrderStrategy":[],"standardLoadingStrategy":{"turnsLoaded":1}}},{"systemId":213,"data":{"damage":{"entries":[],"criticals":[]},"power":{"entries":[]},"fireOrderStrategy":[],"standardLoadingStrategy":{"turnsLoaded":1}}},{"systemId":416,"data":{"damage":{"entries":[],"criticals":[]},"power":{"entries":[]}}}],"player":{"id":1,"username":"player1","accessLevel":1},"electronicWarfare":{"dew":0,"ccew":0,"entries":[{"type":"oew","targetShipId":"09376da2-8e24-4290-81d0-d6cb0abeefb9","amount":12}]}}');
/*!40000 ALTER TABLE `game_ship_data` ENABLE KEYS */;

-- Dumping data for table fieryvoid.game_system_data: ~0 rows (approximately)
DELETE FROM `game_system_data`;
/*!40000 ALTER TABLE `game_system_data` DISABLE KEYS */;
/*!40000 ALTER TABLE `game_system_data` ENABLE KEYS */;

-- Dumping data for table fieryvoid.ship: ~2 rows (approximately)
DELETE FROM `ship`;
/*!40000 ALTER TABLE `ship` DISABLE KEYS */;
INSERT INTO `ship` (`id`, `user_id`, `game_id`, `slot_id`, `name`, `ship_class`) VALUES
	(_binary 0x42908E2409376DA281D0D6CB0ABEEFB9, 2, 1, _binary 0x4E0233B5F5643430B3206ACEED5C89B1, 'Unnamed ship ', 'Caliope'),
	(_binary 0x4F403CDE498BDB10A745CC55292362EC, 1, 1, _binary 0x4A47EE234ED6E7118178FA7717FEA009, 'Unnamed ship ', 'Fulcrum');
/*!40000 ALTER TABLE `ship` ENABLE KEYS */;

-- Dumping data for table fieryvoid.ship_movement: ~4 rows (approximately)
DELETE FROM `ship_movement`;
/*!40000 ALTER TABLE `ship_movement` DISABLE KEYS */;
INSERT INTO `ship_movement` (`id`, `ship_id`, `game_id`, `turn`, `movement_index`, `data`) VALUES
	(_binary 0x402C88A1B06EFFBAA8D37B9131FDA517, _binary 0x42908E2409376DA281D0D6CB0ABEEFB9, 1, 4, 15, '{"id":"b06effba-88a1-402c-a8d3-7b9131fda517","type":"pivot","position":{"x":2478.9977183329556,"y":131.25,"z":0},"velocity":{"x":-281.45825622994255,"y":0,"z":0},"facing":0,"rolled":false,"turn":4,"value":1,"requiredThrust":{"requirements":{"6":3},"fullfilments":{"0":[],"1":[],"2":[],"3":[],"4":[],"5":[],"6":[{"amount":3,"thrusterId":301}]}},"index":15}'),
	(_binary 0x403F3EB257A46202A8877105CC98B89A, _binary 0x4F403CDE498BDB10A745CC55292362EC, 1, 4, 26, '{"id":"57a46202-3eb2-403f-a887-7105cc98b89a","type":"pivot","position":{"x":-2078.460969082653,"y":150,"z":0},"velocity":{"x":389.7114317029974,"y":0,"z":0},"facing":5,"rolled":false,"turn":4,"value":-1,"requiredThrust":{"requirements":{"6":1},"fullfilments":{"0":[],"1":[],"2":[],"3":[],"4":[],"5":[],"6":[{"amount":1,"thrusterId":101}]}},"index":26}'),
	(_binary 0x40AA123BCA2C2DC081CD2EC38639E387, _binary 0x4F403CDE498BDB10A745CC55292362EC, 1, 1, 8, '{"id":"ca2c2dc0-123b-40aa-81cd-2ec38639e387","type":"speed","position":{"x":-3355.8484396646995,"y":150,"z":0},"velocity":{"x":346.41016151377545,"y":0,"z":0},"facing":0,"rolled":false,"turn":1,"value":0,"requiredThrust":{"requirements":{"3":2},"fullfilments":{"0":[],"1":[],"2":[],"3":[{"amount":2,"thrusterId":203}],"4":[],"5":[],"6":[]}},"index":8}'),
	(_binary 0x41C0510B3DEED2308B82D0692561A279, _binary 0x42908E2409376DA281D0D6CB0ABEEFB9, 1, 6, 17, '{"id":"3deed230-510b-41c0-8b82-d0692561a279","type":"end","position":{"x":1916.0812058730708,"y":131.25,"z":0},"velocity":{"x":-281.45825622994255,"y":0,"z":0},"facing":0,"rolled":false,"turn":6,"value":0,"requiredThrust":{"requirements":{},"fullfilments":{"0":[],"1":[],"2":[],"3":[],"4":[],"5":[],"6":[]}},"index":17}'),
	(_binary 0x41F54107CCDE024AAE1012D0A6DF645A, _binary 0x4F403CDE498BDB10A745CC55292362EC, 1, 2, 13, '{"id":"ccde024a-4107-41f5-ae10-12d0a6df645a","type":"speed","position":{"x":-2987.7876430563133,"y":150,"z":0},"velocity":{"x":433.0127018922193,"y":0,"z":0},"facing":0,"rolled":false,"turn":2,"value":0,"requiredThrust":{"requirements":{"3":2},"fullfilments":{"0":[],"1":[],"2":[],"3":[{"amount":2,"thrusterId":203}],"4":[],"5":[],"6":[]}},"index":13}'),
	(_binary 0x42E96A0091788426B633281EAD386093, _binary 0x4F403CDE498BDB10A745CC55292362EC, 1, 2, 10, '{"id":"91788426-6a00-42e9-b633-281ead386093","type":"end","position":{"x":-2987.7876430563133,"y":150,"z":0},"velocity":{"x":368.0607966083864,"y":0,"z":0},"facing":0,"rolled":false,"turn":2,"value":0,"requiredThrust":{"requirements":{},"fullfilments":{"0":[],"1":[],"2":[],"3":[],"4":[],"5":[],"6":[]}},"index":10}'),
	(_binary 0x43C195DC16BA60F894E9CF1FD29C2BBD, _binary 0x42908E2409376DA281D0D6CB0ABEEFB9, 1, 1, 1, '{"id":"16ba60f8-95dc-43c1-94e9-cf1fd29c2bbd","type":"start","position":{"x":3247.5952641916447,"y":0,"z":0},"velocity":{"x":-216.50635094610965,"y":0,"z":0},"facing":0,"rolled":false,"turn":1,"value":0,"requiredThrust":{"requirements":{},"fullfilments":{"0":[],"1":[],"2":[],"3":[],"4":[],"5":[],"6":[]}},"index":1}'),
	(_binary 0x43DC0A4C44A3D093B4698AAEE5D4B966, _binary 0x42908E2409376DA281D0D6CB0ABEEFB9, 1, 4, 13, '{"id":"44a3d093-0a4c-43dc-b469-8aaee5d4b966","type":"pivot","position":{"x":2478.9977183329556,"y":131.25,"z":0},"velocity":{"x":-281.45825622994255,"y":0,"z":0},"facing":4,"rolled":false,"turn":4,"value":1,"requiredThrust":{"requirements":{"6":3},"fullfilments":{"0":[],"1":[],"2":[],"3":[],"4":[],"5":[],"6":[{"amount":3,"thrusterId":101}]}},"index":13}'),
	(_binary 0x44382618FEF558A5A8F4091DE3861DFC, _binary 0x4F403CDE498BDB10A745CC55292362EC, 1, 3, 24, '{"id":"fef558a5-2618-4438-a8f4-091de3861dfc","type":"speed","position":{"x":-2468.17240078565,"y":150,"z":0},"velocity":{"x":389.7114317029974,"y":0,"z":0},"facing":0,"rolled":false,"turn":3,"value":3,"requiredThrust":{"requirements":{"0":2},"fullfilments":{"0":[{"amount":2,"thrusterId":107}],"1":[],"2":[],"3":[],"4":[],"5":[],"6":[]}},"index":24}'),
	(_binary 0x44735B293B052027BB4F280DC7FDC4DC, _binary 0x4F403CDE498BDB10A745CC55292362EC, 1, 4, 31, '{"id":"3b052027-5b29-4473-bb4f-280dc7fdc4dc","type":"speed","position":{"x":-2078.460969082653,"y":150,"z":0},"velocity":{"x":443.83801943952477,"y":93.75,"z":0},"facing":5,"rolled":false,"turn":4,"value":5,"requiredThrust":{"requirements":{"3":2},"fullfilments":{"0":[],"1":[],"2":[],"3":[{"amount":2,"thrusterId":203}],"4":[],"5":[],"6":[]}},"index":31}'),
	(_binary 0x448880F9A2A6346782C4C2953B9C992F, _binary 0x42908E2409376DA281D0D6CB0ABEEFB9, 1, 2, 8, '{"id":"a2a63467-80f9-4488-82c4-c2953b9c992f","type":"speed","position":{"x":3085.2155009820626,"y":131.25,"z":0},"velocity":{"x":-324.7595264191645,"y":0,"z":0},"facing":3,"rolled":false,"turn":2,"value":3,"requiredThrust":{"requirements":{"3":3},"fullfilments":{"0":[],"1":[],"2":[],"3":[{"amount":3,"thrusterId":103}],"4":[],"5":[],"6":[]}},"index":8}'),
	(_binary 0x44B1768B30C937D1AD882C1599B6C1BA, _binary 0x42908E2409376DA281D0D6CB0ABEEFB9, 1, 4, 14, '{"id":"30c937d1-768b-44b1-ad88-2c1599b6c1ba","type":"pivot","position":{"x":2478.9977183329556,"y":131.25,"z":0},"velocity":{"x":-281.45825622994255,"y":0,"z":0},"facing":5,"rolled":false,"turn":4,"value":1,"requiredThrust":{"requirements":{"6":3},"fullfilments":{"0":[],"1":[],"2":[],"3":[],"4":[],"5":[],"6":[{"amount":3,"thrusterId":101}]}},"index":14}'),
	(_binary 0x44C6754F4ED88321B0CE93167F1EC368, _binary 0x4F403CDE498BDB10A745CC55292362EC, 1, 1, 9, '{"id":"4ed88321-754f-44c6-b0ce-93167f1ec368","type":"speed","position":{"x":-3355.8484396646995,"y":150,"z":0},"velocity":{"x":368.0607966083864,"y":0,"z":0},"facing":0,"rolled":false,"turn":1,"value":0,"requiredThrust":{"requirements":{"3":2},"fullfilments":{"0":[],"1":[],"2":[],"3":[{"amount":2,"thrusterId":203}],"4":[],"5":[],"6":[]}},"index":9}'),
	(_binary 0x44FE73F1FE9A71EB900BA03F7DD0CC91, _binary 0x42908E2409376DA281D0D6CB0ABEEFB9, 1, 4, 12, '{"id":"fe9a71eb-73f1-44fe-900b-a03f7dd0cc91","type":"end","position":{"x":2478.9977183329556,"y":131.25,"z":0},"velocity":{"x":-281.45825622994255,"y":0,"z":0},"facing":3,"rolled":false,"turn":4,"value":0,"requiredThrust":{"requirements":{},"fullfilments":{"0":[],"1":[],"2":[],"3":[],"4":[],"5":[],"6":[]}},"index":12}'),
	(_binary 0x4502D6E4CB07B33AB258E63CF14D66F9, _binary 0x42908E2409376DA281D0D6CB0ABEEFB9, 1, 1, 6, '{"id":"cb07b33a-d6e4-4502-b258-e63cf14d66f9","type":"speed","position":{"x":3388.324392306616,"y":131.25,"z":0},"velocity":{"x":-303.1088913245535,"y":0,"z":0},"facing":3,"rolled":false,"turn":1,"value":3,"requiredThrust":{"requirements":{"3":3},"fullfilments":{"0":[],"1":[],"2":[],"3":[{"amount":3,"thrusterId":104}],"4":[],"5":[],"6":[]}},"index":6}'),
	(_binary 0x45EDF0AB2D9B48E8AC4ADB61361C6619, _binary 0x42908E2409376DA281D0D6CB0ABEEFB9, 1, 1, 5, '{"id":"2d9b48e8-f0ab-45ed-ac4a-db61361c6619","type":"speed","position":{"x":3388.324392306616,"y":131.25,"z":0},"velocity":{"x":-281.45825622994255,"y":0,"z":0},"facing":3,"rolled":false,"turn":1,"value":3,"requiredThrust":{"requirements":{"3":3},"fullfilments":{"0":[],"1":[],"2":[],"3":[{"amount":1,"thrusterId":103},{"amount":2,"thrusterId":104}],"4":[],"5":[],"6":[]}},"index":5}'),
	(_binary 0x461FA874C69B9BD3AACB0609814D9488, _binary 0x4F403CDE498BDB10A745CC55292362EC, 1, 1, 7, '{"id":"c69b9bd3-a874-461f-aacb-0609814d9488","type":"speed","position":{"x":-3355.8484396646995,"y":150,"z":0},"velocity":{"x":324.7595264191645,"y":0,"z":0},"facing":0,"rolled":false,"turn":1,"value":0,"requiredThrust":{"requirements":{"3":2},"fullfilments":{"0":[],"1":[],"2":[],"3":[{"amount":2,"thrusterId":203}],"4":[],"5":[],"6":[]}},"index":7}'),
	(_binary 0x46237D23C724AE54B7E161B737CD8712, _binary 0x4F403CDE498BDB10A745CC55292362EC, 1, 2, 17, '{"id":"c724ae54-7d23-4623-b7e1-61b737cd8712","type":"speed","position":{"x":-2987.7876430563133,"y":150,"z":0},"velocity":{"x":519.6152422706632,"y":0,"z":0},"facing":0,"rolled":false,"turn":2,"value":0,"requiredThrust":{"requirements":{"3":2},"fullfilments":{"0":[],"1":[],"2":[],"3":[{"amount":2,"thrusterId":203}],"4":[],"5":[],"6":[]}},"index":17}'),
	(_binary 0x46274BE13AC70EE4934C676107C2FFC1, _binary 0x4F403CDE498BDB10A745CC55292362EC, 1, 1, 6, '{"id":"3ac70ee4-4be1-4627-934c-676107c2ffc1","type":"speed","position":{"x":-3355.8484396646995,"y":150,"z":0},"velocity":{"x":303.1088913245535,"y":0,"z":0},"facing":0,"rolled":false,"turn":1,"value":0,"requiredThrust":{"requirements":{"3":2},"fullfilments":{"0":[],"1":[],"2":[],"3":[{"amount":2,"thrusterId":203}],"4":[],"5":[],"6":[]}},"index":6}'),
	(_binary 0x468D711883253BE7A87E7AC31D4E89D6, _binary 0x4F403CDE498BDB10A745CC55292362EC, 1, 4, 25, '{"id":"83253be7-7118-468d-a87e-7ac31d4e89d6","type":"end","position":{"x":-2078.460969082653,"y":150,"z":0},"velocity":{"x":389.7114317029974,"y":0,"z":0},"facing":0,"rolled":false,"turn":4,"value":0,"requiredThrust":{"requirements":{},"fullfilments":{"0":[],"1":[],"2":[],"3":[],"4":[],"5":[],"6":[]}},"index":25}'),
	(_binary 0x46DA5E8A3E816F7BA95933B5929CC374, _binary 0x4F403CDE498BDB10A745CC55292362EC, 1, 2, 15, '{"id":"3e816f7b-5e8a-46da-a959-33b5929cc374","type":"speed","position":{"x":-2987.7876430563133,"y":150,"z":0},"velocity":{"x":476.31397208144125,"y":0,"z":0},"facing":0,"rolled":false,"turn":2,"value":0,"requiredThrust":{"requirements":{"3":2},"fullfilments":{"0":[],"1":[],"2":[],"3":[{"amount":2,"thrusterId":203}],"4":[],"5":[],"6":[]}},"index":15}'),
	(_binary 0x471C1B493842AB9CB5C9EF31E4DA006B, _binary 0x4F403CDE498BDB10A745CC55292362EC, 1, 3, 19, '{"id":"3842ab9c-1b49-471c-b5c9-ef31e4da006b","type":"speed","position":{"x":-2468.17240078565,"y":150,"z":0},"velocity":{"x":497.9646071760522,"y":0,"z":0},"facing":0,"rolled":false,"turn":3,"value":3,"requiredThrust":{"requirements":{"0":2},"fullfilments":{"0":[{"amount":2,"thrusterId":106}],"1":[],"2":[],"3":[],"4":[],"5":[],"6":[]}},"index":19}'),
	(_binary 0x4783F2466461338B95EB9E3A6C58BCAF, _binary 0x4F403CDE498BDB10A745CC55292362EC, 1, 4, 32, '{"id":"6461338b-f246-4783-95eb-9e3a6c58bcaf","type":"speed","position":{"x":-2078.460969082653,"y":150,"z":0},"velocity":{"x":454.6633369868303,"y":112.5,"z":0},"facing":5,"rolled":false,"turn":4,"value":5,"requiredThrust":{"requirements":{"3":2},"fullfilments":{"0":[],"1":[],"2":[],"3":[{"amount":2,"thrusterId":203}],"4":[],"5":[],"6":[]}},"index":32}'),
	(_binary 0x47980586EE282E46AE049238FA232934, _binary 0x4F403CDE498BDB10A745CC55292362EC, 1, 1, 3, '{"id":"ee282e46-0586-4798-ae04-9238fa232934","type":"speed","position":{"x":-3355.8484396646995,"y":150,"z":0},"velocity":{"x":238.15698604072062,"y":0,"z":0},"facing":0,"rolled":false,"turn":1,"value":0,"requiredThrust":{"requirements":{"3":2},"fullfilments":{"0":[],"1":[],"2":[],"3":[{"amount":2,"thrusterId":203}],"4":[],"5":[],"6":[]}},"index":3}'),
	(_binary 0x479DD371DE312A6BBD327656C5A15283, _binary 0x42908E2409376DA281D0D6CB0ABEEFB9, 1, 3, 9, '{"id":"de312a6b-d371-479d-bd32-7656c5a15283","type":"end","position":{"x":2760.455974562898,"y":131.25,"z":0},"velocity":{"x":-324.7595264191645,"y":0,"z":0},"facing":3,"rolled":false,"turn":3,"value":0,"requiredThrust":{"requirements":{},"fullfilments":{"0":[],"1":[],"2":[],"3":[],"4":[],"5":[],"6":[]}},"index":9}'),
	(_binary 0x47B6C22E4FDEC10592ED1EA305A93414, _binary 0x42908E2409376DA281D0D6CB0ABEEFB9, 1, 1, 3, '{"id":"4fdec105-c22e-47b6-92ed-1ea305a93414","type":"speed","position":{"x":3388.324392306616,"y":131.25,"z":0},"velocity":{"x":-238.15698604072062,"y":0,"z":0},"facing":3,"rolled":false,"turn":1,"value":3,"requiredThrust":{"requirements":{"3":3},"fullfilments":{"0":[],"1":[],"2":[],"3":[{"amount":3,"thrusterId":103}],"4":[],"5":[],"6":[]}},"index":3}'),
	(_binary 0x481C54BF745E595C9D6F36F7749E4736, _binary 0x4F403CDE498BDB10A745CC55292362EC, 1, 4, 28, '{"id":"745e595c-54bf-481c-9d6f-36f7749e4736","type":"speed","position":{"x":-2078.460969082653,"y":150,"z":0},"velocity":{"x":411.36206679760835,"y":37.5,"z":0},"facing":5,"rolled":false,"turn":4,"value":5,"requiredThrust":{"requirements":{"3":2},"fullfilments":{"0":[],"1":[],"2":[],"3":[{"amount":2,"thrusterId":203}],"4":[],"5":[],"6":[]}},"index":28}'),
	(_binary 0x48449B1634FC0A069387F05F6CC05CB4, _binary 0x4F403CDE498BDB10A745CC55292362EC, 1, 1, 1, '{"id":"34fc0a06-9b16-4844-9387-f05f6cc05cb4","type":"start","position":{"x":-3247.5952641916447,"y":0,"z":0},"velocity":{"x":216.50635094610965,"y":0,"z":0},"facing":0,"rolled":false,"turn":1,"value":0,"requiredThrust":{"requirements":{},"fullfilments":{"0":[],"1":[],"2":[],"3":[],"4":[],"5":[],"6":[]}},"index":1}'),
	(_binary 0x4860BDAC0F9BD15C86697DAF4F0AB3A5, _binary 0x42908E2409376DA281D0D6CB0ABEEFB9, 1, 3, 10, '{"id":"0f9bd15c-bdac-4860-8669-7daf4f0ab3a5","type":"speed","position":{"x":2760.455974562898,"y":131.25,"z":0},"velocity":{"x":-303.1088913245535,"y":0,"z":0},"facing":3,"rolled":false,"turn":3,"value":0,"requiredThrust":{"requirements":{"0":3},"fullfilments":{"0":[{"amount":3,"thrusterId":31}],"1":[],"2":[],"3":[],"4":[],"5":[],"6":[]}},"index":10}'),
	(_binary 0x48D32BB2AB92D90FACAC83E5BF3760AA, _binary 0x4F403CDE498BDB10A745CC55292362EC, 1, 1, 5, '{"id":"ab92d90f-2bb2-48d3-acac-83e5bf3760aa","type":"speed","position":{"x":-3355.8484396646995,"y":150,"z":0},"velocity":{"x":281.45825622994255,"y":0,"z":0},"facing":0,"rolled":false,"turn":1,"value":0,"requiredThrust":{"requirements":{"3":2},"fullfilments":{"0":[],"1":[],"2":[],"3":[{"amount":2,"thrusterId":203}],"4":[],"5":[],"6":[]}},"index":5}'),
	(_binary 0x48FD95E0D75FE136A51DC55BAEF89181, _binary 0x4F403CDE498BDB10A745CC55292362EC, 1, 5, 34, '{"id":"d75fe136-95e0-48fd-a51d-c55baef89181","type":"end","position":{"x":-1623.7976320958226,"y":262.5,"z":0},"velocity":{"x":454.6633369868303,"y":112.5,"z":0},"facing":0,"rolled":false,"turn":5,"value":0,"requiredThrust":{"requirements":{},"fullfilments":{"0":[],"1":[],"2":[],"3":[],"4":[],"5":[],"6":[]}},"index":34}'),
	(_binary 0x4959AB81A900D4FB936DC8AAB62F02B2, _binary 0x42908E2409376DA281D0D6CB0ABEEFB9, 1, 1, 4, '{"id":"a900d4fb-ab81-4959-936d-c8aab62f02b2","type":"speed","position":{"x":3388.324392306616,"y":131.25,"z":0},"velocity":{"x":-259.8076211353316,"y":0,"z":0},"facing":3,"rolled":false,"turn":1,"value":3,"requiredThrust":{"requirements":{"3":3},"fullfilments":{"0":[],"1":[],"2":[],"3":[{"amount":3,"thrusterId":103}],"4":[],"5":[],"6":[]}},"index":4}'),
	(_binary 0x49ADE658AD72502AAC61DCE7E4CA09CB, _binary 0x4F403CDE498BDB10A745CC55292362EC, 1, 1, 4, '{"id":"ad72502a-e658-49ad-ac61-dce7e4ca09cb","type":"speed","position":{"x":-3355.8484396646995,"y":150,"z":0},"velocity":{"x":259.8076211353316,"y":0,"z":0},"facing":0,"rolled":false,"turn":1,"value":0,"requiredThrust":{"requirements":{"3":2},"fullfilments":{"0":[],"1":[],"2":[],"3":[{"amount":2,"thrusterId":203}],"4":[],"5":[],"6":[]}},"index":4}'),
	(_binary 0x49D25FAD9D062BAA8B05E5CBA7B7F99C, _binary 0x42908E2409376DA281D0D6CB0ABEEFB9, 1, 1, 2, '{"id":"9d062baa-5fad-49d2-8b05-e5cba7b7f99c","type":"deploy","position":{"x":3388.324392306616,"y":131.25,"z":0},"velocity":{"x":-216.50635094610965,"y":0,"z":0},"facing":3,"rolled":false,"turn":1,"value":0,"requiredThrust":{"requirements":{},"fullfilments":{"0":[],"1":[],"2":[],"3":[],"4":[],"5":[],"6":[]}},"index":2}'),
	(_binary 0x4A05BD70251E2730A4D5CE099B6ECB61, _binary 0x4F403CDE498BDB10A745CC55292362EC, 1, 6, 35, '{"id":"251e2730-bd70-4a05-a4d5-ce099b6ecb61","type":"end","position":{"x":-1169.1342951089923,"y":375,"z":0},"velocity":{"x":454.6633369868303,"y":112.5,"z":0},"facing":0,"rolled":false,"turn":6,"value":0,"requiredThrust":{"requirements":{},"fullfilments":{"0":[],"1":[],"2":[],"3":[],"4":[],"5":[],"6":[]}},"index":35}'),
	(_binary 0x4A27223FE0E3100F80FB34E867B7148C, _binary 0x42908E2409376DA281D0D6CB0ABEEFB9, 1, 3, 11, '{"id":"e0e3100f-223f-4a27-80fb-34e867b7148c","type":"speed","position":{"x":2760.455974562898,"y":131.25,"z":0},"velocity":{"x":-281.45825622994255,"y":0,"z":0},"facing":3,"rolled":false,"turn":3,"value":0,"requiredThrust":{"requirements":{"0":3},"fullfilments":{"0":[{"amount":2,"thrusterId":31},{"amount":1,"thrusterId":32}],"1":[],"2":[],"3":[],"4":[],"5":[],"6":[]}},"index":11}'),
	(_binary 0x4A688FFC8CCEC64E89598B72EA3F98A0, _binary 0x4F403CDE498BDB10A745CC55292362EC, 1, 4, 27, '{"id":"8ccec64e-8ffc-4a68-8959-8b72ea3f98a0","type":"speed","position":{"x":-2078.460969082653,"y":150,"z":0},"velocity":{"x":400.5367492503029,"y":18.75,"z":0},"facing":5,"rolled":false,"turn":4,"value":5,"requiredThrust":{"requirements":{"3":2},"fullfilments":{"0":[],"1":[],"2":[],"3":[{"amount":2,"thrusterId":203}],"4":[],"5":[],"6":[]}},"index":27}'),
	(_binary 0x4A6E08F2530586A79F63EE753FE6886A, _binary 0x4F403CDE498BDB10A745CC55292362EC, 1, 4, 33, '{"id":"530586a7-08f2-4a6e-9f63-ee753fe6886a","type":"pivot","position":{"x":-2078.460969082653,"y":150,"z":0},"velocity":{"x":454.6633369868303,"y":112.5,"z":0},"facing":0,"rolled":false,"turn":4,"value":1,"requiredThrust":{"requirements":{"6":1},"fullfilments":{"0":[],"1":[],"2":[],"3":[],"4":[],"5":[],"6":[{"amount":1,"thrusterId":101}]}},"index":33}'),
	(_binary 0x4A88C222420F87F784519C321E0556A3, _binary 0x42908E2409376DA281D0D6CB0ABEEFB9, 1, 5, 16, '{"id":"420f87f7-c222-4a88-8451-9c321e0556a3","type":"end","position":{"x":2197.539462103013,"y":131.25,"z":0},"velocity":{"x":-281.45825622994255,"y":0,"z":0},"facing":0,"rolled":false,"turn":5,"value":0,"requiredThrust":{"requirements":{},"fullfilments":{"0":[],"1":[],"2":[],"3":[],"4":[],"5":[],"6":[]}},"index":16}'),
	(_binary 0x4AAA553740543B95BB6FED4AEB3BD181, _binary 0x4F403CDE498BDB10A745CC55292362EC, 1, 2, 14, '{"id":"40543b95-5537-4aaa-bb6f-ed4aeb3bd181","type":"speed","position":{"x":-2987.7876430563133,"y":150,"z":0},"velocity":{"x":454.6633369868303,"y":0,"z":0},"facing":0,"rolled":false,"turn":2,"value":0,"requiredThrust":{"requirements":{"3":2},"fullfilments":{"0":[],"1":[],"2":[],"3":[{"amount":2,"thrusterId":203}],"4":[],"5":[],"6":[]}},"index":14}'),
	(_binary 0x4B1321FDB35FA3E7A2489368E6C611F0, _binary 0x4F403CDE498BDB10A745CC55292362EC, 1, 2, 11, '{"id":"b35fa3e7-21fd-4b13-a248-9368e6c611f0","type":"speed","position":{"x":-2987.7876430563133,"y":150,"z":0},"velocity":{"x":389.7114317029974,"y":0,"z":0},"facing":0,"rolled":false,"turn":2,"value":0,"requiredThrust":{"requirements":{"3":2},"fullfilments":{"0":[],"1":[],"2":[],"3":[{"amount":2,"thrusterId":203}],"4":[],"5":[],"6":[]}},"index":11}'),
	(_binary 0x4B802D300D22B3839F498D0613DE9650, _binary 0x4F403CDE498BDB10A745CC55292362EC, 1, 3, 20, '{"id":"0d22b383-2d30-4b80-9f49-8d0613de9650","type":"speed","position":{"x":-2468.17240078565,"y":150,"z":0},"velocity":{"x":476.31397208144125,"y":0,"z":0},"facing":0,"rolled":false,"turn":3,"value":3,"requiredThrust":{"requirements":{"0":2},"fullfilments":{"0":[{"amount":2,"thrusterId":106}],"1":[],"2":[],"3":[],"4":[],"5":[],"6":[]}},"index":20}'),
	(_binary 0x4C11E03647A12616A9F943B04B74B016, _binary 0x4F403CDE498BDB10A745CC55292362EC, 1, 3, 22, '{"id":"47a12616-e036-4c11-a9f9-43b04b74b016","type":"speed","position":{"x":-2468.17240078565,"y":150,"z":0},"velocity":{"x":433.0127018922193,"y":0,"z":0},"facing":0,"rolled":false,"turn":3,"value":3,"requiredThrust":{"requirements":{"0":2},"fullfilments":{"0":[{"amount":2,"thrusterId":107}],"1":[],"2":[],"3":[],"4":[],"5":[],"6":[]}},"index":22}'),
	(_binary 0x4C8EC9BA6B0F2D81BF609C78F66BFA62, _binary 0x4F403CDE498BDB10A745CC55292362EC, 1, 3, 18, '{"id":"6b0f2d81-c9ba-4c8e-bf60-9c78f66bfa62","type":"end","position":{"x":-2468.17240078565,"y":150,"z":0},"velocity":{"x":519.6152422706632,"y":0,"z":0},"facing":0,"rolled":false,"turn":3,"value":0,"requiredThrust":{"requirements":{},"fullfilments":{"0":[],"1":[],"2":[],"3":[],"4":[],"5":[],"6":[]}},"index":18}'),
	(_binary 0x4C9A472B1A561448ABF6580993FACB4E, _binary 0x4F403CDE498BDB10A745CC55292362EC, 1, 2, 16, '{"id":"1a561448-472b-4c9a-abf6-580993facb4e","type":"speed","position":{"x":-2987.7876430563133,"y":150,"z":0},"velocity":{"x":497.9646071760522,"y":0,"z":0},"facing":0,"rolled":false,"turn":2,"value":0,"requiredThrust":{"requirements":{"3":2},"fullfilments":{"0":[],"1":[],"2":[],"3":[{"amount":2,"thrusterId":203}],"4":[],"5":[],"6":[]}},"index":16}'),
	(_binary 0x4CDC69303A59A997B1F12A8FE4B77CFD, _binary 0x4F403CDE498BDB10A745CC55292362EC, 1, 2, 12, '{"id":"3a59a997-6930-4cdc-b1f1-2a8fe4b77cfd","type":"speed","position":{"x":-2987.7876430563133,"y":150,"z":0},"velocity":{"x":411.36206679760835,"y":0,"z":0},"facing":0,"rolled":false,"turn":2,"value":0,"requiredThrust":{"requirements":{"3":2},"fullfilments":{"0":[],"1":[],"2":[],"3":[{"amount":2,"thrusterId":203}],"4":[],"5":[],"6":[]}},"index":12}'),
	(_binary 0x4D01C1B40845D7FF9238CE2BAF5D775E, _binary 0x4F403CDE498BDB10A745CC55292362EC, 1, 4, 30, '{"id":"0845d7ff-c1b4-4d01-9238-ce2baf5d775e","type":"speed","position":{"x":-2078.460969082653,"y":150,"z":0},"velocity":{"x":433.0127018922193,"y":75,"z":0},"facing":5,"rolled":false,"turn":4,"value":5,"requiredThrust":{"requirements":{"3":2},"fullfilments":{"0":[],"1":[],"2":[],"3":[{"amount":2,"thrusterId":203}],"4":[],"5":[],"6":[]}},"index":30}'),
	(_binary 0x4D9C6B4914DE7B9E9C9B749DAD936431, _binary 0x42908E2409376DA281D0D6CB0ABEEFB9, 1, 2, 7, '{"id":"14de7b9e-6b49-4d9c-9c9b-749dad936431","type":"end","position":{"x":3085.2155009820626,"y":131.25,"z":0},"velocity":{"x":-303.1088913245535,"y":0,"z":0},"facing":3,"rolled":false,"turn":2,"value":0,"requiredThrust":{"requirements":{},"fullfilments":{"0":[],"1":[],"2":[],"3":[],"4":[],"5":[],"6":[]}},"index":7}'),
	(_binary 0x4E5D091103AE8364B0A67C3B88349203, _binary 0x4F403CDE498BDB10A745CC55292362EC, 1, 3, 23, '{"id":"03ae8364-0911-4e5d-b0a6-7c3b88349203","type":"speed","position":{"x":-2468.17240078565,"y":150,"z":0},"velocity":{"x":411.36206679760835,"y":0,"z":0},"facing":0,"rolled":false,"turn":3,"value":3,"requiredThrust":{"requirements":{"0":2},"fullfilments":{"0":[{"amount":2,"thrusterId":107}],"1":[],"2":[],"3":[],"4":[],"5":[],"6":[]}},"index":23}'),
	(_binary 0x4EBB78F85D9E7863982BF44849A6CC69, _binary 0x4F403CDE498BDB10A745CC55292362EC, 1, 1, 2, '{"id":"5d9e7863-78f8-4ebb-982b-f44849a6cc69","type":"deploy","position":{"x":-3355.8484396646995,"y":150,"z":0},"velocity":{"x":216.50635094610965,"y":0,"z":0},"facing":0,"rolled":false,"turn":1,"value":0,"requiredThrust":{"requirements":{},"fullfilments":{"0":[],"1":[],"2":[],"3":[],"4":[],"5":[],"6":[]}},"index":2}'),
	(_binary 0x4ED07AE7F20F5101A42926822580ED59, _binary 0x4F403CDE498BDB10A745CC55292362EC, 1, 3, 21, '{"id":"f20f5101-7ae7-4ed0-a429-26822580ed59","type":"speed","position":{"x":-2468.17240078565,"y":150,"z":0},"velocity":{"x":454.6633369868303,"y":0,"z":0},"facing":0,"rolled":false,"turn":3,"value":3,"requiredThrust":{"requirements":{"0":2},"fullfilments":{"0":[{"amount":2,"thrusterId":106}],"1":[],"2":[],"3":[],"4":[],"5":[],"6":[]}},"index":21}'),
	(_binary 0x4FCADF0EEECE0E2DB9AA56D9136FC774, _binary 0x4F403CDE498BDB10A745CC55292362EC, 1, 4, 29, '{"id":"eece0e2d-df0e-4fca-b9aa-56d9136fc774","type":"speed","position":{"x":-2078.460969082653,"y":150,"z":0},"velocity":{"x":422.1873843449138,"y":56.25,"z":0},"facing":5,"rolled":false,"turn":4,"value":5,"requiredThrust":{"requirements":{"3":2},"fullfilments":{"0":[],"1":[],"2":[],"3":[{"amount":2,"thrusterId":203}],"4":[],"5":[],"6":[]}},"index":29}');
/*!40000 ALTER TABLE `ship_movement` ENABLE KEYS */;

-- Dumping data for table fieryvoid.user: ~2 rows (approximately)
DELETE FROM `user`;
/*!40000 ALTER TABLE `user` DISABLE KEYS */;
INSERT INTO `user` (`id`, `username`, `password`, `access_level`) VALUES
	(1, 'player1', '*F6ECD1F80E1654CC7D3491B7C3FCBDE00A9C41DF', 1),
	(2, 'player2', '*F6ECD1F80E1654CC7D3491B7C3FCBDE00A9C41DF', 1);
/*!40000 ALTER TABLE `user` ENABLE KEYS */;

/*!40101 SET SQL_MODE=IFNULL(@OLD_SQL_MODE, '') */;
/*!40014 SET FOREIGN_KEY_CHECKS=IF(@OLD_FOREIGN_KEY_CHECKS IS NULL, 1, @OLD_FOREIGN_KEY_CHECKS) */;
/*!40101 SET CHARACTER_SET_CLIENT=@OLD_CHARACTER_SET_CLIENT */;
